{
  "soccer_fifa_world_cup": {
    "models": [
      {
        "coefficients": [
          0.7985524825390882,
          0.7985524825390881,
          0.7985524825390882,
          -0.7985524825390884,
          0.7985524825390882,
          -0.7985524825390881,
          -0.7985524825390881,
          -0.16307443687346954
        ],
        "intercept": -0.16569750345646053,
        "lr": 0.005
      },
      {
        "coefficients": [
          0.9375616737612835,
          0.9375616737612834,
          0.9375616737612835,
          -0.9375616737612839,
          0.9375616737612835,
          -0.9375616737612835,
          -0.9375616737612835,
          -0.20462834663966287
        ],
        "intercept": -0.21512469435377166,
        "lr": 0.015
      },
      {
        "coefficients": [
          1.0296268390900378,
          1.0296268390900374,
          1.029626839090038,
          -1.0296268390900376,
          1.029626839090038,
          -1.0296268390900374,
          -1.0296268390900374,
          -0.2349986648136112
        ],
        "intercept": -0.2691492196444396,
        "lr": 0.04
      }
    ],
    "means": [
      0.17114959821758122,
      1.7456106456432652,
      0.7273066620963621,
      0.27269333790363814,
      0.7273066620963621,
      0.3051657182031183,
      0.3051657182031183,
      0
    ],
    "stds": [
      0.0970974787947131,
      1.1452523139889241,
      0.24896789434541816,
      0.24896789434541816,
      0.24896789434541816,
      0.21340105229607273,
      0.21340105229607273,
      1
    ],
    "samples": 33,
    "trainedAt": "2026-07-11T09:33:18.915Z"
  }
}