{
  "soccer_fifa_world_cup": {
    "models": [
      {
        "coefficients": [
          0.9184508726870009,
          0.9184508726870011,
          0.9184508726870011,
          -0.9184508726870012,
          0.9184508726870011,
          -0.9184508726870011,
          -0.9184508726870011,
          -0.07866613083285019
        ],
        "intercept": -0.08201813029706644,
        "lr": 0.005
      },
      {
        "coefficients": [
          1.0275620876125957,
          1.0275620876125955,
          1.0275620876125955,
          -1.027562087612596,
          1.0275620876125955,
          -1.0275620876125955,
          -1.0275620876125955,
          -0.09277680355405094
        ],
        "intercept": -0.10545453351091355,
        "lr": 0.015
      },
      {
        "coefficients": [
          1.0702734312969877,
          1.0702734312969875,
          1.0702734312969875,
          -1.0702734312969875,
          1.0702734312969875,
          -1.070273431296987,
          -1.070273431296987,
          -0.09666066241693834
        ],
        "intercept": -0.13549095985878568,
        "lr": 0.04
      }
    ],
    "means": [
      0.1764892163374613,
      1.8085907568008264,
      0.7409979906088752,
      0.25900200939112467,
      0.7409979906088752,
      0.2934302937638212,
      0.2934302937638212,
      0
    ],
    "stds": [
      0.09743677128309851,
      1.149254225390393,
      0.24983787508486796,
      0.2498378750848679,
      0.24983787508486796,
      0.21414675007274397,
      0.21414675007274397,
      1
    ],
    "samples": 83,
    "trainedAt": "2026-07-11T11:38:22.949Z"
  }
}