{
  "soccer_fifa_world_cup": {
    "models": [
      {
        "coefficients": [
          0.8883778152064069,
          0.8883778152064069,
          0.8883778152064069,
          -0.8883778152064069,
          0.8883778152064069,
          -0.8883778152064069,
          -0.8883778152064069,
          -0.09588807431570379
        ],
        "intercept": -0.09904521207073153,
        "lr": 0.005
      },
      {
        "coefficients": [
          1.0077604547477546,
          1.0077604547477548,
          1.0077604547477546,
          -1.0077604547477546,
          1.0077604547477546,
          -1.0077604547477548,
          -1.0077604547477548,
          -0.1151630519178062
        ],
        "intercept": -0.1272791345379503,
        "lr": 0.015
      },
      {
        "coefficients": [
          1.0645683032177224,
          1.0645683032177227,
          1.0645683032177227,
          -1.0645683032177227,
          1.0645683032177227,
          -1.0645683032177229,
          -1.0645683032177229,
          -0.12406910233390746
        ],
        "intercept": -0.16189457927160517,
        "lr": 0.04
      }
    ],
    "means": [
      0.17551329145196984,
      1.7970798478950294,
      0.738495619107615,
      0.26150438089238504,
      0.738495619107615,
      0.2955751836220442,
      0.2955751836220442,
      0
    ],
    "stds": [
      0.09739671168168378,
      1.1487817275275523,
      0.2497351581581635,
      0.2497351581581635,
      0.2497351581581635,
      0.21405870699271154,
      0.21405870699271154,
      1
    ],
    "samples": 65,
    "trainedAt": "2026-07-11T10:53:25.594Z"
  }
}