{
  "soccer_fifa_world_cup": {
    "models": [
      {
        "coefficients": [
          0.8760780847154452,
          0.876078084715445,
          0.8760780847154448,
          -0.876078084715445,
          0.8760780847154448,
          -0.8760780847154452,
          -0.8760780847154452,
          -0.10361114686925456
        ],
        "intercept": -0.1066912115454474,
        "lr": 0.005
      },
      {
        "coefficients": [
          0.9990203251698747,
          0.9990203251698747,
          0.9990203251698744,
          -0.9990203251698747,
          0.9990203251698744,
          -0.9990203251698748,
          -0.9990203251698748,
          -0.12527738360189053
        ],
        "intercept": -0.13716606999955758,
        "lr": 0.015
      },
      {
        "coefficients": [
          1.0613923015750888,
          1.0613923015750886,
          1.061392301575089,
          -1.0613923015750886,
          1.061392301575089,
          -1.061392301575089,
          -1.061392301575089,
          -0.1365054872205865
        ],
        "intercept": -0.17387236797032435,
        "lr": 0.04
      }
    ],
    "means": [
      0.17505566084149957,
      1.7916821535151244,
      0.7373222072858967,
      0.2626777927141035,
      0.7373222072858967,
      0.29658096518351723,
      0.29658096518351723,
      0
    ],
    "stds": [
      0.09737455268336652,
      1.1485203649832978,
      0.24967834021376034,
      0.2496783402137603,
      0.24967834021376034,
      0.21401000589750882,
      0.21401000589750882,
      1
    ],
    "samples": 59,
    "trainedAt": "2026-07-11T10:38:26.009Z"
  }
}