{
  "soccer_fifa_world_cup": {
    "models": [
      {
        "coefficients": [
          0.801690417374753,
          0.8016904173747533,
          0.8016904173747534,
          -0.8016904173747527,
          0.8016904173747534,
          -0.801690417374753,
          -0.801690417374753,
          -0.21217982028769927
        ],
        "intercept": -0.2156941397515295,
        "lr": 0.005
      },
      {
        "coefficients": [
          0.9398151185699313,
          0.9398151185699318,
          0.9398151185699316,
          -0.9398151185699313,
          0.9398151185699316,
          -0.9398151185699314,
          -0.9398151185699314,
          -0.2651930081504683
        ],
        "intercept": -0.2791786420766446,
        "lr": 0.015
      },
      {
        "coefficients": [
          1.0300910057756567,
          1.0300910057756567,
          1.030091005775657,
          -1.0300910057756565,
          1.030091005775657,
          -1.0300910057756567,
          -1.0300910057756567,
          -0.3033250890420365
        ],
        "intercept": -0.34855344569097413,
        "lr": 0.04
      }
    ],
    "means": [
      0.1685383958628655,
      1.7148118486389266,
      0.7206112714432449,
      0.27938872855675534,
      0.7206112714432449,
      0.31090462447721884,
      0.31090462447721884,
      0
    ],
    "stds": [
      0.09682397239632148,
      1.1420263410848175,
      0.24826659588800376,
      0.2482665958880038,
      0.24826659588800376,
      0.21279993933257463,
      0.21279993933257463,
      1
    ],
    "samples": 34,
    "trainedAt": "2026-07-11T09:37:59.661Z"
  }
}