{
  "soccer_fifa_world_cup": {
    "models": [
      {
        "coefficients": [
          0.9293667202887737,
          0.9293667202887743,
          0.9293667202887741,
          -0.9293667202887737,
          0.9293667202887741,
          -0.929366720288774,
          -0.929366720288774,
          -0.07294892317680768
        ],
        "intercept": -0.07637424123961627,
        "lr": 0.005
      },
      {
        "coefficients": [
          1.034120762888453,
          1.0341207628884534,
          1.034120762888453,
          -1.034120762888453,
          1.034120762888453,
          -1.034120762888453,
          -1.034120762888453,
          -0.08539767430212489
        ],
        "intercept": -0.09828080290223605,
        "lr": 0.015
      },
      {
        "coefficients": [
          1.0716834937435373,
          1.0716834937435376,
          1.0716834937435376,
          -1.0716834937435376,
          1.0716834937435376,
          -1.0716834937435376,
          -1.0716834937435376,
          -0.0876693683199949
        ],
        "intercept": -0.12680922880438236,
        "lr": 0.04
      }
    ],
    "means": [
      0.17679902761968957,
      1.812244941155314,
      0.7417923785120247,
      0.2582076214879751,
      0.7417923785120247,
      0.29274938984683585,
      0.29274938984683585,
      0
    ],
    "stds": [
      0.09744744109426627,
      1.1493800744451916,
      0.24986523357504165,
      0.24986523357504165,
      0.24986523357504165,
      0.21417020020717853,
      0.21417020020717853,
      1
    ],
    "samples": 91,
    "trainedAt": "2026-07-11T11:58:24.695Z"
  }
}